Pregunta,Categoría
¿Cuál es la edad recomendada por la comunidad?,Estadísticas
¿Cuántas personas quieren cambiarlo?,Estadísticas
¿Cuántas veces se ha jugado este mes?,Estadísticas
¿Qué roles cumplen los jugadores en Tiny Towns?,Información
¿Qué otros juegos ha hecho Matt Paquette & Co.?,Relaciones
¿Quién es el editor de Tiny Towns?,Relaciones
¿Cuál es la edad recomendada oficialmente para jugar Tiny Towns?,Estadísticas
¿Cuál es el número oficial de jugadores?,Estadísticas
¿Cuántos comentarios tiene Tiny Towns?,Estadísticas
¿Qué otros juegos ha hecho Gong Studios?,Relaciones
¿Qué juegos están relacionados con Peter McPherson?,Relaciones
¿Qué tipo de juegos publica Alderac Entertainment Group?,Relaciones
¿Qué juegos ha co-publicado Alderac Entertainment Group?,Relaciones
¿Cuántas expansiones tiene Tiny Towns?,Estadísticas
¿Cuál es el tiempo estimado de juego?,Estadísticas
¿Quiénes son algunos diseñadores populares con los que trabaja Alderac Entertainment Group?,Relaciones
¿Cuántas valoraciones tiene Tiny Towns?,Estadísticas
¿Cuántas personas lo han tenido anteriormente?,Estadísticas
¿Qué consejos se dan para principiantes en los foros?,Información
¿Cuál es el precio en Noble Knight Games?,Estadísticas
¿Qué estrategias recomiendan para ganar en Tiny Towns?,Información
¿Qué diferencias hay entre las variantes oficiales del juego?,Información
¿Cuáles son las reglas básicas del juego Tiny Towns?,Información
¿Cuál es el nombre completo de la empresa Alderac Entertainment Group?,Relaciones
¿Cuántos comentarios tiene Tiny Towns?,Estadísticas
¿Cómo se explican las cartas monumento en el manual?,Información
¿Qué edificios se pueden construir en el juego?,Información
¿Dónde está ubicada la empresa Gong Studios?,Relaciones
¿Qué se menciona en el manual oficial sobre la configuración inicial?,Información
¿Cuál es el rango general (Overall Rank) del juego?,Estadísticas
¿Cuál es la edad recomendada por la comunidad?,Estadísticas
¿Qué piezas incluye el juego Tiny Towns?,Información
¿Qué estrategias recomiendan para ganar en Tiny Towns?,Información
¿Quién diseñó Wormholes?,Relaciones
¿Quién diseñó Fit to Print?,Relaciones
¿Qué consejos se dan para principiantes en los foros?,Información
¿Quién fundó Alderac Entertainment Group?,Relaciones
¿Qué información hay sobre Gong Studios?,Relaciones
¿Quién fundó Alderac Entertainment Group?,Relaciones
¿Qué juegos están relacionados con Peter McPherson?,Relaciones
¿Qué editor polaco publica Tiny Towns?,Relaciones
¿Cuál es el nombre completo de la empresa Alderac Entertainment Group?,Relaciones
¿Qué temas se destacan en la reseña en español del juego?,Información
¿Cuántas expansiones tiene Tiny Towns?,Estadísticas
¿Qué otros juegos ha hecho Gong Studios?,Relaciones
¿Cuáles son algunas variantes populares del juego?,Información
¿Qué dice el manual sobre las cartas de recurso?,Información
¿Cuál es el nombre principal del juego Tiny Towns?,Relaciones
¿Qué temas se destacan en la reseña en español del juego?,Información
¿Qué temas se destacan en la reseña en español del juego?,Información
¿Qué temas se destacan en la reseña en español del juego?,Información
¿Cómo se colocan los recursos en el tablero?,Información
¿Qué información hay sobre Alderac Entertainment Group?,Relaciones
¿Qué otros juegos diseñó Peter McPherson?,Relaciones
¿Cuáles son las reglas básicas del juego Tiny Towns?,Información
¿Cómo afecta el orden de turno en la partida?,Información
¿Qué diferencias hay entre las variantes oficiales del juego?,Información
¿Cuál es el puntaje promedio (Avg. Rating) de Tiny Towns?,Estadísticas
¿Cómo se explican las cartas monumento en el manual?,Información
¿Cuántas personas quieren cambiarlo?,Estadísticas
¿Cuántas valoraciones tiene Tiny Towns?,Estadísticas
¿Qué estrategias recomiendan para ganar en Tiny Towns?,Información
¿Cuáles son las críticas más comunes sobre Tiny Towns?,Información
¿Cuál es el número oficial de jugadores?,Estadísticas
¿Qué tipo de juegos publica Alderac Entertainment Group?,Relaciones
¿Cuál es el número oficial de jugadores?,Estadísticas
¿Qué otros juegos ha hecho Gong Studios?,Relaciones
¿Quién es el diseñador de Tiny Towns: Fortune?,Relaciones
¿Quién es el artista de Tiny Towns?,Relaciones
¿Cuál es el tiempo estimado de juego?,Estadísticas
¿Qué otros juegos diseñó Peter McPherson?,Relaciones
¿Cuál es la especialidad de Gong Studios?,Relaciones
¿Cómo afecta el orden de turno en la partida?,Información
¿Qué otros juegos diseñó Peter McPherson?,Relaciones
¿Qué temas se destacan en la reseña en español del juego?,Información
¿Cuántas personas quieren cambiarlo?,Estadísticas
¿Cuántas personas poseen el juego Tiny Towns?,Estadísticas
¿Cómo se colocan los recursos en el tablero?,Información
¿Cuál es el tiempo estimado de juego?,Estadísticas
¿Cuál es el precio en Noble Knight Games?,Estadísticas
¿Cuántas valoraciones tiene Tiny Towns?,Estadísticas
¿Qué opiniones tiene la comunidad sobre la mecánica del juego?,Información
¿Quién es el artista de Tiny Towns?,Relaciones
¿Qué editor polaco publica Tiny Towns?,Relaciones
¿Cuántas personas lo han tenido anteriormente?,Estadísticas
¿Cuántos fans tiene el juego Tiny Towns?,Estadísticas
¿Cuál es la dificultad del juego según la comunidad?,Estadísticas
¿Qué juegos ha co-publicado Alderac Entertainment Group?,Relaciones
¿Cuál es el puntaje promedio (Avg. Rating) de Tiny Towns?,Estadísticas
¿Cuáles son los nombres alternativos de Tiny Towns?,Relaciones
¿Cuáles son las críticas más comunes sobre Tiny Towns?,Información
¿Cuál es el puntaje promedio (Avg. Rating) de Tiny Towns?,Estadísticas
¿Quiénes son algunos diseñadores populares con los que trabaja Alderac Entertainment Group?,Relaciones
¿Quién es el diseñador de Tiny Towns: Fortune?,Relaciones
¿Qué otros juegos publica Alderac Entertainment Group?,Relaciones
¿Cuál es el puntaje promedio (Avg. Rating) de Tiny Towns?,Estadísticas
¿Cuáles son las reglas básicas del juego Tiny Towns?,Información
¿Qué juegos ha co-publicado Alderac Entertainment Group?,Relaciones
¿Quién diseñó Wormholes?,Relaciones
¿Qué opiniones tiene la comunidad sobre la mecánica del juego?,Información
¿Qué información hay sobre Alderac Entertainment Group?,Relaciones
¿Quién diseñó Wormholes?,Relaciones
¿Cuál es la dificultad del juego según la comunidad?,Estadísticas
¿Cuántas personas poseen el juego Tiny Towns?,Estadísticas
¿Cómo se determina el ganador en Tiny Towns?,Información
¿Quién es el diseñador de Tiny Towns: Fortune?,Relaciones
¿Cuántos fans tiene el juego Tiny Towns?,Estadísticas
¿Quién diseñó Fit to Print?,Relaciones
¿Qué juegos están relacionados con Peter McPherson?,Relaciones
¿Cuál es la edad recomendada oficialmente para jugar Tiny Towns?,Estadísticas
¿Cuántas personas lo tienen en su lista de deseos?,Estadísticas
¿Cuáles son las críticas más comunes sobre Tiny Towns?,Información
¿Cómo se colocan los recursos en el tablero?,Información
¿Cuáles son las expansiones de Tiny Towns diseñadas por Peter McPherson?,Relaciones
¿Cuál es la dificultad del juego según la comunidad?,Estadísticas
¿Cuáles son las expansiones de Tiny Towns diseñadas por Peter McPherson?,Relaciones
¿Cuál es el número oficial de jugadores?,Estadísticas
¿Qué opiniones tiene la comunidad sobre la mecánica del juego?,Información
¿Qué otros juegos ha hecho Matt Paquette & Co.?,Relaciones
¿Cómo se determina el ganador en Tiny Towns?,Información
¿Cuántas personas poseen el juego Tiny Towns?,Estadísticas
¿Cómo se determina el ganador en Tiny Towns?,Información
¿Qué diferencias hay entre las variantes oficiales del juego?,Información
¿Qué se menciona en el manual oficial sobre la configuración inicial?,Información
¿Cuál es la edad recomendada oficialmente para jugar Tiny Towns?,Estadísticas
¿Qué elementos estéticos destacan en la reseña del juego?,Información
¿En qué año se lanzó Tiny Towns?,Relaciones
¿Cuántas personas poseen el juego Tiny Towns?,Estadísticas
¿Qué condiciones provocan el fin del juego?,Información
¿Cuántas partidas se han jugado en total?,Estadísticas
¿Qué piezas incluye el juego Tiny Towns?,Información
¿Cuál es el rango general (Overall Rank) del juego?,Estadísticas
¿Qué información hay sobre Gong Studios?,Relaciones
¿Cuál es el precio más bajo encontrado en tiendas?,Estadísticas
¿Cómo afecta el orden de turno en la partida?,Información
¿Cuál es el puntaje promedio (Avg. Rating) de Tiny Towns?,Estadísticas
¿Cuántas personas poseen el juego Tiny Towns?,Estadísticas
¿Cuántas personas lo han tenido anteriormente?,Estadísticas
¿Cuál es el número oficial de jugadores?,Estadísticas
¿Cómo se explican las cartas monumento en el manual?,Información
¿Qué edificios se pueden construir en el juego?,Información
¿Cuál es el trasfondo o universo donde se ambienta Tiny Towns?,Información
¿Cuál es el precio del juego en Amazon?,Estadísticas
¿Cuál es el precio en Noble Knight Games?,Estadísticas
¿Quién es el diseñador de Tiny Towns?,Relaciones
¿Cuántas personas lo tienen en su lista de deseos?,Estadísticas
¿Cuántos fans tiene el juego Tiny Towns?,Estadísticas
¿Cuál es el precio más bajo encontrado en tiendas?,Estadísticas
¿Cuál es la edad recomendada por la comunidad?,Estadísticas
¿Cuáles son algunas variantes populares del juego?,Información
¿Qué elementos estéticos destacan en la reseña del juego?,Información
¿Cuántos comentarios tiene Tiny Towns?,Estadísticas
¿Cuál es la especialidad de Gong Studios?,Relaciones
¿En qué año se lanzó Tiny Towns?,Relaciones
¿Qué juegos están relacionados con Peter McPherson?,Relaciones
¿Qué estrategias recomiendan para ganar en Tiny Towns?,Información
¿Cuántos comentarios tiene Tiny Towns?,Estadísticas
¿Cuál es el tiempo estimado de juego?,Estadísticas
¿Cuál es el precio en Noble Knight Games?,Estadísticas
¿Cuántas personas lo han tenido anteriormente?,Estadísticas
¿Cuántas personas lo tienen en su lista de deseos?,Estadísticas
¿Qué dice el manual sobre las cartas de recurso?,Información
¿Qué información hay sobre Matt Paquette & Co.?,Relaciones
¿Cuáles son las reglas básicas del juego Tiny Towns?,Información
¿Qué otros juegos ha hecho Gong Studios?,Relaciones
¿Cómo afecta el orden de turno en la partida?,Información
¿Cuál es la edad recomendada oficialmente para jugar Tiny Towns?,Estadísticas
¿Qué información hay sobre Gong Studios?,Relaciones
¿Quién es el editor de Tiny Towns?,Relaciones
¿Quién es el diseñador de Tiny Towns?,Relaciones
¿Cuál es el precio más bajo encontrado en tiendas?,Estadísticas
¿Cuántas expansiones tiene Tiny Towns?,Estadísticas
¿Cuántas veces se ha jugado este mes?,Estadísticas
¿Cuántas personas lo tienen en su lista de deseos?,Estadísticas
¿Cuál es el nombre completo de la empresa Alderac Entertainment Group?,Relaciones
¿Quién diseñó Fit to Print?,Relaciones
¿Qué diferencias hay entre las variantes oficiales del juego?,Información
¿Cuál es el trasfondo o universo donde se ambienta Tiny Towns?,Información
¿Quién es el diseñador de Tiny Towns: Fortune?,Relaciones
¿Qué información hay sobre Alderac Entertainment Group?,Relaciones
¿Qué elementos estéticos destacan en la reseña del juego?,Información
¿Cuántas expansiones tiene Tiny Towns?,Estadísticas
¿Cuál es el nombre principal del juego Tiny Towns?,Relaciones
¿Qué condiciones provocan el fin del juego?,Información
¿Cuál es el precio del juego en Amazon?,Estadísticas
¿Cuál es el trasfondo o universo donde se ambienta Tiny Towns?,Información
¿Cuál es el nombre principal del juego Tiny Towns?,Relaciones
¿Qué se menciona en el manual oficial sobre la configuración inicial?,Información
¿Qué roles cumplen los jugadores en Tiny Towns?,Información
¿Cuál es la especialidad de Gong Studios?,Relaciones
¿Qué dice el manual sobre las cartas de recurso?,Información
¿Cuál es el nombre completo de la empresa Alderac Entertainment Group?,Relaciones
¿Cuántas veces se ha jugado este mes?,Estadísticas
¿Quiénes son algunos diseñadores populares con los que trabaja Alderac Entertainment Group?,Relaciones
¿Qué otros juegos publica Alderac Entertainment Group?,Relaciones
¿Quién es el editor de Tiny Towns?,Relaciones
¿Cuántas partidas se han jugado en total?,Estadísticas
¿Qué dice el manual sobre las cartas de recurso?,Información
¿Cuáles son algunas variantes populares del juego?,Información
¿Cuáles son algunas variantes populares del juego?,Información
¿Qué información hay sobre Alderac Entertainment Group?,Relaciones
¿Qué consejos se dan para principiantes en los foros?,Información
¿Cuál es la edad recomendada por la comunidad?,Estadísticas
¿Cuáles son las críticas más comunes sobre Tiny Towns?,Información
¿Cuáles son los nombres alternativos de Tiny Towns?,Relaciones
¿Qué piezas incluye el juego Tiny Towns?,Información
¿Qué otros juegos diseñó Peter McPherson?,Relaciones
¿Cuál es el precio más bajo encontrado en tiendas?,Estadísticas
¿Quién es el artista de Tiny Towns?,Relaciones
¿Qué opiniones tiene la comunidad sobre la mecánica del juego?,Información
¿Cuál es el precio más bajo encontrado en tiendas?,Estadísticas
¿Qué edificios se pueden construir en el juego?,Información
¿Qué consejos se dan para principiantes en los foros?,Información
¿Cuál es el tiempo estimado de juego?,Estadísticas
¿Qué otros juegos publica Alderac Entertainment Group?,Relaciones
¿Cuántas personas lo tienen en su lista de deseos?,Estadísticas
¿Cuántos fans tiene el juego Tiny Towns?,Estadísticas
¿Cómo se determina el ganador en Tiny Towns?,Información
¿Qué otros juegos ha hecho Matt Paquette & Co.?,Relaciones
¿Cuáles son las expansiones de Tiny Towns diseñadas por Peter McPherson?,Relaciones
¿Cuáles son algunas variantes populares del juego?,Información
¿Qué información hay sobre Gong Studios?,Relaciones
¿Cuáles son las expansiones de Tiny Towns diseñadas por Peter McPherson?,Relaciones
¿Cuál es el trasfondo o universo donde se ambienta Tiny Towns?,Información
¿Cuántas expansiones tiene Tiny Towns?,Estadísticas
¿Qué editor polaco publica Tiny Towns?,Relaciones
¿Cuál es el precio en Noble Knight Games?,Estadísticas
¿Cómo afecta el orden de turno en la partida?,Información
¿Cómo se colocan los recursos en el tablero?,Información
¿Cuántas personas lo han tenido anteriormente?,Estadísticas
¿Qué tipo de juegos publica Alderac Entertainment Group?,Relaciones
¿Qué piezas incluye el juego Tiny Towns?,Información
¿Cuántas partidas se han jugado en total?,Estadísticas
¿En qué año se lanzó Tiny Towns?,Relaciones
¿Qué roles cumplen los jugadores en Tiny Towns?,Información
¿Qué se menciona en el manual oficial sobre la configuración inicial?,Información
¿Qué información hay sobre Matt Paquette & Co.?,Relaciones
¿Cuál es el trasfondo o universo donde se ambienta Tiny Towns?,Información
¿Qué edificios se pueden construir en el juego?,Información
¿Cómo se explican las cartas monumento en el manual?,Información
¿Cuál es la edad recomendada oficialmente para jugar Tiny Towns?,Estadísticas
¿Qué editor polaco publica Tiny Towns?,Relaciones
¿Dónde está ubicada la empresa Gong Studios?,Relaciones
¿Quién diseñó Wormholes?,Relaciones
¿Qué roles cumplen los jugadores en Tiny Towns?,Información
¿Qué roles cumplen los jugadores en Tiny Towns?,Información
¿Qué condiciones provocan el fin del juego?,Información
¿Cuál es el precio del juego en Amazon?,Estadísticas
¿Cuál es el precio del juego en Amazon?,Estadísticas
¿Quién diseñó Fit to Print?,Relaciones
¿Qué condiciones provocan el fin del juego?,Información
¿Cuántas valoraciones tiene Tiny Towns?,Estadísticas
¿Cuántas partidas se han jugado en total?,Estadísticas
¿Qué consejos se dan para principiantes en los foros?,Información
¿Qué estrategias recomiendan para ganar en Tiny Towns?,Información
¿En qué año se lanzó Tiny Towns?,Relaciones
¿Cuántas valoraciones tiene Tiny Towns?,Estadísticas
¿Cuáles son los nombres alternativos de Tiny Towns?,Relaciones
¿Cuáles son los nombres alternativos de Tiny Towns?,Relaciones
¿Qué tipo de juegos publica Alderac Entertainment Group?,Relaciones
¿Quién es el diseñador de Tiny Towns?,Relaciones
¿Qué piezas incluye el juego Tiny Towns?,Información
¿Qué otros juegos ha hecho Matt Paquette & Co.?,Relaciones
¿Qué información hay sobre Matt Paquette & Co.?,Relaciones
¿Cuál es el nombre principal del juego Tiny Towns?,Relaciones
¿Cuáles son las reglas básicas del juego Tiny Towns?,Información
¿Cómo se explican las cartas monumento en el manual?,Información
¿Qué información hay sobre Matt Paquette & Co.?,Relaciones
¿Qué otros juegos publica Alderac Entertainment Group?,Relaciones
¿Cuál es la dificultad del juego según la comunidad?,Estadísticas
¿Qué diferencias hay entre las variantes oficiales del juego?,Información
¿Cuántas personas quieren cambiarlo?,Estadísticas
¿Cuáles son las críticas más comunes sobre Tiny Towns?,Información
¿Qué elementos estéticos destacan en la reseña del juego?,Información
¿Quién es el diseñador de Tiny Towns?,Relaciones
¿Quién fundó Alderac Entertainment Group?,Relaciones
¿Cuántas personas quieren cambiarlo?,Estadísticas
¿Cuál es el rango general (Overall Rank) del juego?,Estadísticas
¿Qué dice el manual sobre las cartas de recurso?,Información
¿Cuántos comentarios tiene Tiny Towns?,Estadísticas
¿Cuál es el rango general (Overall Rank) del juego?,Estadísticas
¿Quién es el artista de Tiny Towns?,Relaciones
¿Cuál es la especialidad de Gong Studios?,Relaciones
¿Qué edificios se pueden construir en el juego?,Información
¿Qué se menciona en el manual oficial sobre la configuración inicial?,Información
¿Dónde está ubicada la empresa Gong Studios?,Relaciones
¿Cuál es la edad recomendada por la comunidad?,Estadísticas
¿Cómo se colocan los recursos en el tablero?,Información
¿Cuántas veces se ha jugado este mes?,Estadísticas
¿Qué condiciones provocan el fin del juego?,Información
¿Cuál es el rango general (Overall Rank) del juego?,Estadísticas
¿Cuántas partidas se han jugado en total?,Estadísticas
¿Cuántas veces se ha jugado este mes?,Estadísticas
¿Dónde está ubicada la empresa Gong Studios?,Relaciones
¿Quién es el editor de Tiny Towns?,Relaciones
¿Cómo se determina el ganador en Tiny Towns?,Información
¿Cuál es el precio del juego en Amazon?,Estadísticas
¿Qué elementos estéticos destacan en la reseña del juego?,Información
¿Quiénes son algunos diseñadores populares con los que trabaja Alderac Entertainment Group?,Relaciones
¿Cuántos fans tiene el juego Tiny Towns?,Estadísticas
